engine,phase,input_len,output_len,concurrency,metric,value,run_id,timestamp
sglang,decode,1023,1017,16,throughput_tps,784.3026537865587,1,2026-06-20T02:37:35.834494+00:00
sglang,decode,1023,1017,16,throughput_per_user_tps,51.24283198374351,1,2026-06-20T02:37:35.834494+00:00
sglang,decode,1023,1017,16,request_throughput_rps,0.771150678956948,1,2026-06-20T02:37:35.834494+00:00
sglang,decode,1023,1017,16,ttft_ms_p50,127.7017935,1,2026-06-20T02:37:35.834494+00:00
sglang,decode,1023,1017,16,ttft_ms_p95,130.917828,1,2026-06-20T02:37:35.834494+00:00
sglang,decode,1023,1017,16,tpot_ms_p50,19.7284445,1,2026-06-20T02:37:35.834494+00:00
sglang,decode,1023,1017,16,tpot_ms_p95,20.150704899999997,1,2026-06-20T02:37:35.834494+00:00
sglang,decode,1023,1017,16,itl_ms_p50,19.7284445,1,2026-06-20T02:37:35.834494+00:00
sglang,decode,1023,1017,16,request_latency_ms_p50,20289.526175,1,2026-06-20T02:37:35.834494+00:00
sglang,decode,1023,1017,16,request_latency_ms_p95,20742.0219707,1,2026-06-20T02:37:35.834494+00:00
sglang,decode,1023,1006,1,throughput_tps,120.50229271525137,1,2026-06-20T02:37:35.834670+00:00
sglang,decode,1023,1006,1,throughput_per_user_tps,121.35648983671666,1,2026-06-20T02:37:35.834670+00:00
sglang,decode,1023,1006,1,request_throughput_rps,0.11970089522174181,1,2026-06-20T02:37:35.834670+00:00
sglang,decode,1023,1006,1,ttft_ms_p50,63.891858,1,2026-06-20T02:37:35.834670+00:00
sglang,decode,1023,1006,1,ttft_ms_p95,70.8273134,1,2026-06-20T02:37:35.834670+00:00
sglang,decode,1023,1006,1,tpot_ms_p50,8.241087499999999,1,2026-06-20T02:37:35.834670+00:00
sglang,decode,1023,1006,1,tpot_ms_p95,8.260825599999999,1,2026-06-20T02:37:35.834670+00:00
sglang,decode,1023,1006,1,itl_ms_p50,8.241087499999999,1,2026-06-20T02:37:35.834670+00:00
sglang,decode,1023,1006,1,request_latency_ms_p50,8496.4820535,1,2026-06-20T02:37:35.834670+00:00
sglang,decode,1023,1006,1,request_latency_ms_p95,8502.24624405,1,2026-06-20T02:37:35.834670+00:00
sglang,decode,1023,1008,32,throughput_tps,1140.9618894113216,1,2026-06-20T02:37:35.834763+00:00
sglang,decode,1023,1008,32,throughput_per_user_tps,39.2806549774611,1,2026-06-20T02:37:35.834763+00:00
sglang,decode,1023,1008,32,request_throughput_rps,1.1309305355608965,1,2026-06-20T02:37:35.834763+00:00
sglang,decode,1023,1008,32,ttft_ms_p50,139.373919,1,2026-06-20T02:37:35.834763+00:00
sglang,decode,1023,1008,32,ttft_ms_p95,221.57895234999995,1,2026-06-20T02:37:35.834763+00:00
sglang,decode,1023,1008,32,tpot_ms_p50,26.173408499999997,1,2026-06-20T02:37:35.834763+00:00
sglang,decode,1023,1008,32,tpot_ms_p95,26.7540196,1,2026-06-20T02:37:35.834763+00:00
sglang,decode,1023,1008,32,itl_ms_p50,26.173408499999997,1,2026-06-20T02:37:35.834763+00:00
sglang,decode,1023,1008,32,request_latency_ms_p50,26817.247841,1,2026-06-20T02:37:35.834763+00:00
sglang,decode,1023,1008,32,request_latency_ms_p95,27509.51276495,1,2026-06-20T02:37:35.834763+00:00
sglang,decode,1023,1012,4,throughput_tps,328.491386475815,1,2026-06-20T02:37:35.834838+00:00
sglang,decode,1023,1012,4,throughput_per_user_tps,83.33607049022,1,2026-06-20T02:37:35.834838+00:00
sglang,decode,1023,1012,4,request_throughput_rps,0.3244695859578672,1,2026-06-20T02:37:35.834838+00:00
sglang,decode,1023,1012,4,ttft_ms_p50,67.385695,1,2026-06-20T02:37:35.834838+00:00
sglang,decode,1023,1012,4,ttft_ms_p95,124.96653325,1,2026-06-20T02:37:35.834838+00:00
sglang,decode,1023,1012,4,tpot_ms_p50,12.0259295,1,2026-06-20T02:37:35.834838+00:00
sglang,decode,1023,1012,4,tpot_ms_p95,12.117458300000001,1,2026-06-20T02:37:35.834838+00:00
sglang,decode,1023,1012,4,itl_ms_p50,12.0259295,1,2026-06-20T02:37:35.834838+00:00
sglang,decode,1023,1012,4,request_latency_ms_p50,12375.2510105,1,2026-06-20T02:37:35.834838+00:00
sglang,decode,1023,1012,4,request_latency_ms_p95,12469.009988299998,1,2026-06-20T02:37:35.834838+00:00
sglang,prefill,1023,1,1,throughput_tps,15.457890959020201,1,2026-06-20T02:37:35.834904+00:00
sglang,prefill,1023,1,1,request_throughput_rps,15.457890959020201,1,2026-06-20T02:37:35.834904+00:00
sglang,prefill,1023,1,1,ttft_ms_p50,60.468444,1,2026-06-20T02:37:35.834904+00:00
sglang,prefill,1023,1,1,ttft_ms_p95,73.9562561999999,1,2026-06-20T02:37:35.834904+00:00
sglang,prefill,1023,1,1,request_latency_ms_p50,60.468444,1,2026-06-20T02:37:35.834904+00:00
sglang,prefill,1023,1,1,request_latency_ms_p95,73.9562561999999,1,2026-06-20T02:37:35.834904+00:00
sglang,prefill,1023,1,1,prefill_tps_input_p50,16917.915069883395,1,2026-06-20T02:37:35.834904+00:00
sglang,prefill,16383,1,1,throughput_tps,1.4460910326020096,1,2026-06-20T02:37:35.834968+00:00
sglang,prefill,16383,1,1,request_throughput_rps,1.4460910326020096,1,2026-06-20T02:37:35.834968+00:00
sglang,prefill,16383,1,1,ttft_ms_p50,686.7727115,1,2026-06-20T02:37:35.834968+00:00
sglang,prefill,16383,1,1,ttft_ms_p95,711.5402735499999,1,2026-06-20T02:37:35.834968+00:00
sglang,prefill,16383,1,1,request_latency_ms_p50,686.7727115,1,2026-06-20T02:37:35.834968+00:00
sglang,prefill,16383,1,1,request_latency_ms_p95,711.5402735499999,1,2026-06-20T02:37:35.834968+00:00
sglang,prefill,16383,1,1,prefill_tps_input_p50,23855.05382736804,1,2026-06-20T02:37:35.834968+00:00
sglang,prefill,32767,1,1,throughput_tps,0.5899602359231798,1,2026-06-20T02:37:35.835028+00:00
sglang,prefill,32767,1,1,request_throughput_rps,0.5899602359231798,1,2026-06-20T02:37:35.835028+00:00
sglang,prefill,32767,1,1,ttft_ms_p50,1692.842686,1,2026-06-20T02:37:35.835028+00:00
sglang,prefill,32767,1,1,ttft_ms_p95,1738.1160657,1,2026-06-20T02:37:35.835028+00:00
sglang,prefill,32767,1,1,request_latency_ms_p50,1692.842686,1,2026-06-20T02:37:35.835028+00:00
sglang,prefill,32767,1,1,request_latency_ms_p95,1738.1160657,1,2026-06-20T02:37:35.835028+00:00
sglang,prefill,32767,1,1,prefill_tps_input_p50,19356.199055580764,1,2026-06-20T02:37:35.835028+00:00
sglang,prefill,4096,1,1,throughput_tps,7.069046196625168,1,2026-06-20T02:37:35.835097+00:00
sglang,prefill,4096,1,1,request_throughput_rps,7.069046196625168,1,2026-06-20T02:37:35.835097+00:00
sglang,prefill,4096,1,1,ttft_ms_p50,161.32796199999999,1,2026-06-20T02:37:35.835097+00:00
sglang,prefill,4096,1,1,ttft_ms_p95,163.40118084999997,1,2026-06-20T02:37:35.835097+00:00
sglang,prefill,4096,1,1,request_latency_ms_p50,161.32796199999999,1,2026-06-20T02:37:35.835097+00:00
sglang,prefill,4096,1,1,request_latency_ms_p95,163.40118084999997,1,2026-06-20T02:37:35.835097+00:00
sglang,prefill,4096,1,1,prefill_tps_input_p50,25389.27504706221,1,2026-06-20T02:37:35.835097+00:00
vllm,decode,1023,1021,16,throughput_tps,972.2399884309965,1,2026-06-20T02:37:35.835239+00:00
vllm,decode,1023,1021,16,throughput_per_user_tps,63.242246464426934,1,2026-06-20T02:37:35.835239+00:00
vllm,decode,1023,1021,16,request_throughput_rps,0.9513949256108626,1,2026-06-20T02:37:35.835239+00:00
vllm,decode,1023,1021,16,ttft_ms_p50,86.98715949999999,1,2026-06-20T02:37:35.835239+00:00
vllm,decode,1023,1021,16,ttft_ms_p95,100.7904205,1,2026-06-20T02:37:35.835239+00:00
vllm,decode,1023,1021,16,tpot_ms_p50,15.9269535,1,2026-06-20T02:37:35.835239+00:00
vllm,decode,1023,1021,16,tpot_ms_p95,16.19599105,1,2026-06-20T02:37:35.835239+00:00
vllm,decode,1023,1021,16,itl_ms_p50,15.9269535,1,2026-06-20T02:37:35.835239+00:00
vllm,decode,1023,1021,16,request_latency_ms_p50,16383.766251,1,2026-06-20T02:37:35.835239+00:00
vllm,decode,1023,1021,16,request_latency_ms_p95,16655.0710437,1,2026-06-20T02:37:35.835239+00:00
vllm,decode,1023,1023,1,throughput_tps,124.51368599415052,1,2026-06-20T02:37:35.835319+00:00
vllm,decode,1023,1023,1,throughput_per_user_tps,125.23558069900635,1,2026-06-20T02:37:35.835319+00:00
vllm,decode,1023,1023,1,request_throughput_rps,0.1216215261034114,1,2026-06-20T02:37:35.835319+00:00
vllm,decode,1023,1023,1,ttft_ms_p50,25.823442999999997,1,2026-06-20T02:37:35.835319+00:00
vllm,decode,1023,1023,1,ttft_ms_p95,76.2844253,1,2026-06-20T02:37:35.835319+00:00
vllm,decode,1023,1023,1,tpot_ms_p50,7.747433,1,2026-06-20T02:37:35.835319+00:00
vllm,decode,1023,1023,1,tpot_ms_p95,8.39969905,1,2026-06-20T02:37:35.835319+00:00
vllm,decode,1023,1023,1,itl_ms_p50,7.747433,1,2026-06-20T02:37:35.835319+00:00
vllm,decode,1023,1023,1,request_latency_ms_p50,7968.0255865,1,2026-06-20T02:37:35.835319+00:00
vllm,decode,1023,1023,1,request_latency_ms_p95,8659.21863075,1,2026-06-20T02:37:35.835319+00:00
vllm,decode,1023,1018,32,throughput_tps,1415.8869095405623,1,2026-06-20T02:37:35.835387+00:00
vllm,decode,1023,1018,32,throughput_per_user_tps,48.44968543840773,1,2026-06-20T02:37:35.835387+00:00
vllm,decode,1023,1018,32,request_throughput_rps,1.389575301212111,1,2026-06-20T02:37:35.835387+00:00
vllm,decode,1023,1018,32,ttft_ms_p50,101.78537899999999,1,2026-06-20T02:37:35.835387+00:00
vllm,decode,1023,1018,32,ttft_ms_p95,139.91144,1,2026-06-20T02:37:35.835387+00:00
vllm,decode,1023,1018,32,tpot_ms_p50,21.1440005,1,2026-06-20T02:37:35.835387+00:00
vllm,decode,1023,1018,32,tpot_ms_p95,21.429388749999998,1,2026-06-20T02:37:35.835387+00:00
vllm,decode,1023,1018,32,itl_ms_p50,21.1440005,1,2026-06-20T02:37:35.835387+00:00
vllm,decode,1023,1018,32,request_latency_ms_p50,21738.799571,1,2026-06-20T02:37:35.835387+00:00
vllm,decode,1023,1018,32,request_latency_ms_p95,22014.580937799998,1,2026-06-20T02:37:35.835387+00:00
vllm,decode,1023,1022,4,throughput_tps,413.64094061289745,1,2026-06-20T02:37:35.835454+00:00
vllm,decode,1023,1022,4,throughput_per_user_tps,103.92870516235928,1,2026-06-20T02:37:35.835454+00:00
vllm,decode,1023,1022,4,request_throughput_rps,0.40452694846400344,1,2026-06-20T02:37:35.835454+00:00
vllm,decode,1023,1022,4,ttft_ms_p50,46.485115,1,2026-06-20T02:37:35.835454+00:00
vllm,decode,1023,1022,4,ttft_ms_p95,55.85433209999999,1,2026-06-20T02:37:35.835454+00:00
vllm,decode,1023,1022,4,tpot_ms_p50,9.624979999999999,1,2026-06-20T02:37:35.835454+00:00
vllm,decode,1023,1022,4,tpot_ms_p95,9.68660435,1,2026-06-20T02:37:35.835454+00:00
vllm,decode,1023,1022,4,itl_ms_p50,9.624979999999999,1,2026-06-20T02:37:35.835454+00:00
vllm,decode,1023,1022,4,request_latency_ms_p50,9888.475364,1,2026-06-20T02:37:35.835454+00:00
vllm,decode,1023,1022,4,request_latency_ms_p95,9953.772449299999,1,2026-06-20T02:37:35.835454+00:00
vllm,prefill,1023,1,1,throughput_tps,23.68789655345773,1,2026-06-20T02:37:35.835507+00:00
vllm,prefill,1023,1,1,request_throughput_rps,23.68789655345773,1,2026-06-20T02:37:35.835507+00:00
vllm,prefill,1023,1,1,ttft_ms_p50,23.508772,1,2026-06-20T02:37:35.835507+00:00
vllm,prefill,1023,1,1,ttft_ms_p95,70.1674362,1,2026-06-20T02:37:35.835507+00:00
vllm,prefill,1023,1,1,request_latency_ms_p50,23.508772,1,2026-06-20T02:37:35.835507+00:00
vllm,prefill,1023,1,1,request_latency_ms_p95,70.1674362,1,2026-06-20T02:37:35.835507+00:00
vllm,prefill,1023,1,1,prefill_tps_input_p50,43515.67151189352,1,2026-06-20T02:37:35.835507+00:00
vllm,prefill,16383,1,1,throughput_tps,1.293361487419937,1,2026-06-20T02:37:35.835560+00:00
vllm,prefill,16383,1,1,request_throughput_rps,1.293361487419937,1,2026-06-20T02:37:35.835560+00:00
vllm,prefill,16383,1,1,ttft_ms_p50,772.1530755,1,2026-06-20T02:37:35.835560+00:00
vllm,prefill,16383,1,1,ttft_ms_p95,779.6641027999999,1,2026-06-20T02:37:35.835560+00:00
vllm,prefill,16383,1,1,request_latency_ms_p50,772.1530755,1,2026-06-20T02:37:35.835560+00:00
vllm,prefill,16383,1,1,request_latency_ms_p95,779.6641027999999,1,2026-06-20T02:37:35.835560+00:00
vllm,prefill,16383,1,1,prefill_tps_input_p50,21217.295533520155,1,2026-06-20T02:37:35.835560+00:00
vllm,prefill,32767,1,1,throughput_tps,0.5272634127667445,1,2026-06-20T02:37:35.835646+00:00
vllm,prefill,32767,1,1,request_throughput_rps,0.5272634127667445,1,2026-06-20T02:37:35.835646+00:00
vllm,prefill,32767,1,1,ttft_ms_p50,1895.754489,1,2026-06-20T02:37:35.835646+00:00
vllm,prefill,32767,1,1,ttft_ms_p95,1908.8446465999998,1,2026-06-20T02:37:35.835646+00:00
vllm,prefill,32767,1,1,request_latency_ms_p50,1895.754489,1,2026-06-20T02:37:35.835646+00:00
vllm,prefill,32767,1,1,request_latency_ms_p95,1908.8446465999998,1,2026-06-20T02:37:35.835646+00:00
vllm,prefill,32767,1,1,prefill_tps_input_p50,17284.411135581387,1,2026-06-20T02:37:35.835646+00:00
vllm,prefill,4096,1,1,throughput_tps,6.456317330088621,1,2026-06-20T02:37:35.835697+00:00
vllm,prefill,4096,1,1,request_throughput_rps,6.456317330088621,1,2026-06-20T02:37:35.835697+00:00
vllm,prefill,4096,1,1,ttft_ms_p50,178.70219799999998,1,2026-06-20T02:37:35.835697+00:00
vllm,prefill,4096,1,1,ttft_ms_p95,185.332629,1,2026-06-20T02:37:35.835697+00:00
vllm,prefill,4096,1,1,request_latency_ms_p50,178.70219799999998,1,2026-06-20T02:37:35.835697+00:00
vllm,prefill,4096,1,1,request_latency_ms_p95,185.332629,1,2026-06-20T02:37:35.835697+00:00
vllm,prefill,4096,1,1,prefill_tps_input_p50,22920.814885556138,1,2026-06-20T02:37:35.835697+00:00
